{
  "camera_data": [
    {
      "name": "Camera",
      "location": [
        7.358891487121582,
        -6.925790786743164,
        4.958309173583984
      ],
      "rotation_euler": [
        1.1093189716339111,
        0.0,
        0.8149281740188599
      ],
      "rotation_quaternion": [
        1.0,
        0.0,
        0.0,
        0.0
      ]
    }
  ],
  "other_objects": [
    {
      "name": "Cube",
      "location": [
        0.0,
        0.0,
        0.0
      ],
      "rotation_euler": [
        0.0,
        0.0,
        0.0
      ]
    }
  ]
}